{"cameraMode":{"drawMode":0,"name":"Shaded","section":"Shading Mode"},"sceneLighting":true,"audioPlay":false,"sceneViewState":{"showFog":true,"showMaterialUpdate":false,"showSkybox":true,"showFlares":true,"showImageEffects":true,"showParticleSystems":true},"in2DMode":false,"pivot":{"x":14.418111801147461,"y":4.297005653381348,"z":-27.94034767150879},"rotation":{"x":0.10645025223493576,"y":0.6653815507888794,"z":-0.09669230878353119,"w":0.7325210571289063},"size":8.471314430236817,"orthographic":false}